Item Code,Item Name,Qty,Expiry
8909501511089,Amul Taaza Milk 500ml,24,20/09/2026
8905982374540,Clinic Plus Shampoo Sachet 6ml,120,04/02/2028
8907194704290,Maggi Masala Noodles 70g,60,27/12/2026
8909427653757,Parle-G Biscuits 70g,72,07/01/2027
8901943556130,Amul Gold Milk 500ml,18,19/09/2026
8907436422074,Bisleri Water 1L,30,28/12/2026
8904233433135,Lay's Classic Salted 52g,30,13/11/2026
8908401707462,Kurkure Masala Munch 90g,24,26/10/2026
8900248761133,Britannia Good Day Cashew 75g,36,25/12/2026
8907560856516,Nestle Munch 20g,40,20/09/2026
8907867306226,Rin Detergent Bar 250g,20,01/09/2027
8905331753835,Cadbury 5 Star 40g,30,03/02/2027
8901393160451,Coca-Cola Soft Drink 750ml,18,16/11/2026
8902234478650,Vim Dishwash Bar 300g,15,30/09/2027
8903632424966,Nestle KitKat 37g,24,02/02/2027
8902525262388,Lifebuoy Soap 125g,20,06/11/2028
8909600566041,Cadbury Gems 17g,30,23/12/2026
8906604803769,Cadbury Dairy Milk 50g,20,06/01/2027
8909136784575,Tata Salt 1kg,12,09/12/2027
8907637469151,Maaza Mango Drink 600ml,12,03/02/2027
