Bill Date,Bill Time,Bill No,Item Code,Item Name,Qty,Rate,Amount
11/09/2026,07:23:45,D00001,8908401707462,Kurkure Masala Munch 90g,1,20.00,20.00
11/09/2026,07:33:25,D00002,8902234478650,Vim Dishwash Bar 300g,2,30.00,60.00
11/09/2026,07:57:11,D00003,8907560856516,Nestle Munch 20g,1,10.00,10.00
11/09/2026,08:16:21,D00004,8904233433135,Lay's Classic Salted 52g,1,20.00,20.00
11/09/2026,08:34:20,D00005,8901943556130,Amul Gold Milk 500ml,1,33.00,33.00
11/09/2026,08:44:29,D00006,8909427653757,Parle-G Biscuits 70g,1,10.00,10.00
11/09/2026,08:55:29,D00007,8906604803769,Cadbury Dairy Milk 50g,1,45.00,45.00
11/09/2026,09:08:24,D00008,8905982374540,Clinic Plus Shampoo Sachet 6ml,1,3.00,3.00
11/09/2026,09:08:24,D00008,8909136784575,Tata Salt 1kg,1,28.00,28.00
11/09/2026,09:08:24,D00008,8903632424966,Nestle KitKat 37g,1,20.00,20.00
11/09/2026,09:21:21,D00009,8900248761133,Britannia Good Day Cashew 75g,1,10.00,10.00
11/09/2026,09:42:54,D00010,8909136784575,Tata Salt 1kg,1,28.00,28.00
11/09/2026,09:42:54,D00010,8901943556130,Amul Gold Milk 500ml,1,33.00,33.00
11/09/2026,09:54:07,D00011,8907194704290,Maggi Masala Noodles 70g,1,14.00,14.00
11/09/2026,10:08:44,D00012,8902525262388,Lifebuoy Soap 125g,1,35.00,35.00
11/09/2026,10:18:42,D00013,8909501511089,Amul Taaza Milk 500ml,2,27.00,54.00
11/09/2026,10:41:56,D00014,8907436422074,Bisleri Water 1L,1,20.00,20.00
11/09/2026,11:06:15,D00015,8901943556130,Amul Gold Milk 500ml,1,33.00,33.00
11/09/2026,11:15:32,D00016,8909600566041,Cadbury Gems 17g,1,10.00,10.00
11/09/2026,11:15:32,D00016,8907560856516,Nestle Munch 20g,1,10.00,10.00
11/09/2026,11:15:32,D00016,8907194704290,Maggi Masala Noodles 70g,1,14.00,14.00
11/09/2026,11:38:07,D00017,8905982374540,Clinic Plus Shampoo Sachet 6ml,1,3.00,3.00
11/09/2026,11:38:07,D00017,8909600566041,Cadbury Gems 17g,1,10.00,10.00
11/09/2026,11:44:57,D00018,8901393160451,Coca-Cola Soft Drink 750ml,1,40.00,40.00
11/09/2026,11:44:57,D00018,8909501511089,Amul Taaza Milk 500ml,1,27.00,27.00
11/09/2026,12:09:02,D00019,8900248761133,Britannia Good Day Cashew 75g,1,10.00,10.00
11/09/2026,12:09:02,D00019,8909136784575,Tata Salt 1kg,1,28.00,28.00
11/09/2026,12:27:37,D00020,8907436422074,Bisleri Water 1L,1,20.00,20.00
11/09/2026,12:27:37,D00020,8904233433135,Lay's Classic Salted 52g,1,20.00,20.00
11/09/2026,12:46:04,D00021,8907194704290,Maggi Masala Noodles 70g,1,14.00,14.00
11/09/2026,13:07:30,D00022,8905331753835,Cadbury 5 Star 40g,1,20.00,20.00
11/09/2026,13:07:30,D00022,8909427653757,Parle-G Biscuits 70g,1,10.00,10.00
11/09/2026,13:07:30,D00022,8907637469151,Maaza Mango Drink 600ml,1,40.00,40.00
11/09/2026,13:26:10,D00023,8907867306226,Rin Detergent Bar 250g,1,20.00,20.00
11/09/2026,13:37:40,D00024,8904233433135,Lay's Classic Salted 52g,1,20.00,20.00
11/09/2026,13:49:47,D00025,8901943556130,Amul Gold Milk 500ml,1,33.00,33.00
11/09/2026,13:49:47,D00025,8903632424966,Nestle KitKat 37g,1,20.00,20.00
11/09/2026,14:00:19,D00026,8909501511089,Amul Taaza Milk 500ml,1,27.00,27.00
11/09/2026,14:16:55,D00027,8907194704290,Maggi Masala Noodles 70g,1,14.00,14.00
11/09/2026,14:16:55,D00027,8901943556130,Amul Gold Milk 500ml,1,33.00,33.00
11/09/2026,14:23:42,D00028,8900248761133,Britannia Good Day Cashew 75g,1,10.00,10.00
11/09/2026,14:28:42,D00029,8909501511089,Amul Taaza Milk 500ml,1,27.00,27.00
11/09/2026,14:28:42,D00029,8906604803769,Cadbury Dairy Milk 50g,1,45.00,45.00
11/09/2026,14:38:51,D00030,8908401707462,Kurkure Masala Munch 90g,1,20.00,20.00
11/09/2026,14:38:51,D00030,8907867306226,Rin Detergent Bar 250g,1,20.00,20.00
11/09/2026,14:47:18,D00031,8902525262388,Lifebuoy Soap 125g,1,35.00,35.00
11/09/2026,14:53:10,D00032,8902234478650,Vim Dishwash Bar 300g,1,30.00,30.00
11/09/2026,15:05:15,D00033,8907560856516,Nestle Munch 20g,1,10.00,10.00
11/09/2026,15:05:15,D00033,8905982374540,Clinic Plus Shampoo Sachet 6ml,1,3.00,3.00
11/09/2026,15:23:05,D00034,8903632424966,Nestle KitKat 37g,1,20.00,20.00
11/09/2026,15:36:41,D00035,8907637469151,Maaza Mango Drink 600ml,1,40.00,40.00
11/09/2026,15:54:06,D00036,8905982374540,Clinic Plus Shampoo Sachet 6ml,2,3.00,6.00
11/09/2026,16:03:17,D00037,8909501511089,Amul Taaza Milk 500ml,1,27.00,27.00
11/09/2026,16:24:56,D00038,8909427653757,Parle-G Biscuits 70g,1,10.00,10.00
11/09/2026,16:24:56,D00038,8901943556130,Amul Gold Milk 500ml,1,33.00,33.00
11/09/2026,16:46:19,D00039,8907560856516,Nestle Munch 20g,1,10.00,10.00
11/09/2026,16:46:19,D00039,8908401707462,Kurkure Masala Munch 90g,1,20.00,20.00
11/09/2026,17:01:57,D00040,8901393160451,Coca-Cola Soft Drink 750ml,1,40.00,40.00
11/09/2026,17:11:52,D00041,8907194704290,Maggi Masala Noodles 70g,1,14.00,14.00
11/09/2026,17:28:33,D00042,8907194704290,Maggi Masala Noodles 70g,1,14.00,14.00
11/09/2026,17:28:33,D00042,8901393160451,Coca-Cola Soft Drink 750ml,1,40.00,40.00
11/09/2026,17:28:33,D00042,8905331753835,Cadbury 5 Star 40g,1,20.00,20.00
11/09/2026,17:42:35,D00043,8909427653757,Parle-G Biscuits 70g,1,10.00,10.00
11/09/2026,17:42:35,D00043,8909501511089,Amul Taaza Milk 500ml,1,27.00,27.00
11/09/2026,17:53:05,D00044,8909501511089,Amul Taaza Milk 500ml,1,27.00,27.00
11/09/2026,17:53:05,D00044,8907867306226,Rin Detergent Bar 250g,1,20.00,20.00
11/09/2026,17:58:52,D00045,8907436422074,Bisleri Water 1L,1,20.00,20.00
11/09/2026,18:21:53,D00046,8905982374540,Clinic Plus Shampoo Sachet 6ml,1,3.00,3.00
11/09/2026,18:31:53,D00047,8909501511089,Amul Taaza Milk 500ml,1,27.00,27.00
11/09/2026,18:31:53,D00047,8907194704290,Maggi Masala Noodles 70g,1,14.00,14.00
11/09/2026,18:31:53,D00047,8905331753835,Cadbury 5 Star 40g,1,20.00,20.00
11/09/2026,18:55:25,D00048,8907436422074,Bisleri Water 1L,1,20.00,20.00
12/09/2026,07:14:59,D00049,8902234478650,Vim Dishwash Bar 300g,1,30.00,30.00
12/09/2026,07:14:59,D00049,8900248761133,Britannia Good Day Cashew 75g,1,10.00,10.00
12/09/2026,07:28:11,D00050,8909501511089,Amul Taaza Milk 500ml,1,27.00,27.00
12/09/2026,07:28:11,D00050,8909136784575,Tata Salt 1kg,1,28.00,28.00
12/09/2026,07:44:18,D00051,8907436422074,Bisleri Water 1L,1,20.00,20.00
12/09/2026,08:07:52,D00052,8901393160451,Coca-Cola Soft Drink 750ml,1,40.00,40.00
12/09/2026,08:07:52,D00052,8907436422074,Bisleri Water 1L,1,20.00,20.00
12/09/2026,08:17:20,D00053,8909427653757,Parle-G Biscuits 70g,1,10.00,10.00
12/09/2026,08:34:24,D00054,8900248761133,Britannia Good Day Cashew 75g,1,10.00,10.00
12/09/2026,08:34:24,D00054,8905331753835,Cadbury 5 Star 40g,1,20.00,20.00
12/09/2026,08:59:18,D00055,8909600566041,Cadbury Gems 17g,1,10.00,10.00
12/09/2026,08:59:18,D00055,8900248761133,Britannia Good Day Cashew 75g,1,10.00,10.00
12/09/2026,09:18:39,D00056,8905982374540,Clinic Plus Shampoo Sachet 6ml,1,3.00,3.00
12/09/2026,09:18:39,D00056,8901943556130,Amul Gold Milk 500ml,1,33.00,33.00
12/09/2026,09:28:06,D00057,8905982374540,Clinic Plus Shampoo Sachet 6ml,1,3.00,3.00
12/09/2026,09:28:06,D00057,8901943556130,Amul Gold Milk 500ml,1,33.00,33.00
12/09/2026,09:38:16,D00058,8906604803769,Cadbury Dairy Milk 50g,1,45.00,45.00
12/09/2026,09:38:16,D00058,8901943556130,Amul Gold Milk 500ml,1,33.00,33.00
12/09/2026,10:00:41,D00059,8909427653757,Parle-G Biscuits 70g,1,10.00,10.00
12/09/2026,10:20:42,D00060,8903632424966,Nestle KitKat 37g,1,20.00,20.00
12/09/2026,10:25:50,D00061,8901943556130,Amul Gold Milk 500ml,1,33.00,33.00
12/09/2026,10:36:42,D00062,8904233433135,Lay's Classic Salted 52g,1,20.00,20.00
12/09/2026,10:57:51,D00063,8909600566041,Cadbury Gems 17g,1,10.00,10.00
12/09/2026,10:57:51,D00063,8901393160451,Coca-Cola Soft Drink 750ml,1,40.00,40.00
12/09/2026,11:06:57,D00064,8907867306226,Rin Detergent Bar 250g,1,20.00,20.00
12/09/2026,11:06:57,D00064,8909501511089,Amul Taaza Milk 500ml,1,27.00,27.00
12/09/2026,11:14:03,D00065,8902234478650,Vim Dishwash Bar 300g,1,30.00,30.00
12/09/2026,11:36:44,D00066,8908401707462,Kurkure Masala Munch 90g,1,20.00,20.00
12/09/2026,11:36:44,D00066,8909427653757,Parle-G Biscuits 70g,1,10.00,10.00
12/09/2026,12:00:41,D00067,8907867306226,Rin Detergent Bar 250g,1,20.00,20.00
12/09/2026,12:00:41,D00067,8905331753835,Cadbury 5 Star 40g,1,20.00,20.00
12/09/2026,12:09:18,D00068,8909501511089,Amul Taaza Milk 500ml,1,27.00,27.00
12/09/2026,12:09:18,D00068,8908401707462,Kurkure Masala Munch 90g,1,20.00,20.00
12/09/2026,12:16:14,D00069,8909501511089,Amul Taaza Milk 500ml,1,27.00,27.00
12/09/2026,12:27:45,D00070,8906604803769,Cadbury Dairy Milk 50g,1,45.00,45.00
12/09/2026,12:34:11,D00071,8907637469151,Maaza Mango Drink 600ml,1,40.00,40.00
12/09/2026,12:56:30,D00072,8905982374540,Clinic Plus Shampoo Sachet 6ml,1,3.00,3.00
12/09/2026,12:56:30,D00072,8905331753835,Cadbury 5 Star 40g,1,20.00,20.00
12/09/2026,13:20:40,D00073,8905982374540,Clinic Plus Shampoo Sachet 6ml,1,3.00,3.00
12/09/2026,13:27:49,D00074,8901943556130,Amul Gold Milk 500ml,1,33.00,33.00
12/09/2026,13:27:49,D00074,8904233433135,Lay's Classic Salted 52g,1,20.00,20.00
12/09/2026,13:43:55,D00075,8902234478650,Vim Dishwash Bar 300g,1,30.00,30.00
12/09/2026,13:43:55,D00075,8907560856516,Nestle Munch 20g,1,10.00,10.00
12/09/2026,14:06:10,D00076,8907637469151,Maaza Mango Drink 600ml,1,40.00,40.00
12/09/2026,14:06:10,D00076,8903632424966,Nestle KitKat 37g,1,20.00,20.00
12/09/2026,14:28:38,D00077,8904233433135,Lay's Classic Salted 52g,1,20.00,20.00
12/09/2026,14:43:05,D00078,8904233433135,Lay's Classic Salted 52g,1,20.00,20.00
12/09/2026,14:43:05,D00078,8903632424966,Nestle KitKat 37g,1,20.00,20.00
12/09/2026,15:05:25,D00079,8906604803769,Cadbury Dairy Milk 50g,1,45.00,45.00
12/09/2026,15:05:25,D00079,8909501511089,Amul Taaza Milk 500ml,1,27.00,27.00
12/09/2026,15:26:44,D00080,8905331753835,Cadbury 5 Star 40g,1,20.00,20.00
12/09/2026,15:26:44,D00080,8909501511089,Amul Taaza Milk 500ml,1,27.00,27.00
12/09/2026,15:40:11,D00081,8907194704290,Maggi Masala Noodles 70g,1,14.00,14.00
12/09/2026,15:40:11,D00081,8905982374540,Clinic Plus Shampoo Sachet 6ml,1,3.00,3.00
12/09/2026,15:40:11,D00081,8909136784575,Tata Salt 1kg,1,28.00,28.00
12/09/2026,16:03:02,D00082,8907194704290,Maggi Masala Noodles 70g,1,14.00,14.00
12/09/2026,16:27:07,D00083,8904233433135,Lay's Classic Salted 52g,1,20.00,20.00
12/09/2026,16:47:23,D00084,8907194704290,Maggi Masala Noodles 70g,1,14.00,14.00
12/09/2026,17:06:36,D00085,8909427653757,Parle-G Biscuits 70g,1,10.00,10.00
12/09/2026,17:24:59,D00086,8907194704290,Maggi Masala Noodles 70g,1,14.00,14.00
12/09/2026,17:24:59,D00086,8907560856516,Nestle Munch 20g,1,10.00,10.00
12/09/2026,17:40:46,D00087,8902525262388,Lifebuoy Soap 125g,1,35.00,35.00
12/09/2026,17:53:58,D00088,8907194704290,Maggi Masala Noodles 70g,1,14.00,14.00
12/09/2026,17:53:58,D00088,8903632424966,Nestle KitKat 37g,1,20.00,20.00
12/09/2026,18:01:27,D00089,8907867306226,Rin Detergent Bar 250g,1,20.00,20.00
12/09/2026,18:16:47,D00090,8908401707462,Kurkure Masala Munch 90g,1,20.00,20.00
12/09/2026,18:27:03,D00091,8901393160451,Coca-Cola Soft Drink 750ml,1,40.00,40.00
12/09/2026,18:27:03,D00091,8902525262388,Lifebuoy Soap 125g,1,35.00,35.00
12/09/2026,18:27:03,D00091,8901943556130,Amul Gold Milk 500ml,1,33.00,33.00
12/09/2026,18:44:32,D00092,8907436422074,Bisleri Water 1L,1,20.00,20.00
12/09/2026,18:58:10,D00093,8909501511089,Amul Taaza Milk 500ml,1,27.00,27.00
12/09/2026,19:19:07,D00094,8907436422074,Bisleri Water 1L,1,20.00,20.00
12/09/2026,19:27:19,D00095,8909501511089,Amul Taaza Milk 500ml,2,27.00,54.00
12/09/2026,19:48:56,D00096,8907560856516,Nestle Munch 20g,1,10.00,10.00
12/09/2026,20:01:34,D00097,8902234478650,Vim Dishwash Bar 300g,1,30.00,30.00
12/09/2026,20:21:17,D00098,8907436422074,Bisleri Water 1L,1,20.00,20.00
12/09/2026,20:21:17,D00098,8907560856516,Nestle Munch 20g,1,10.00,10.00
12/09/2026,20:40:04,D00099,8907194704290,Maggi Masala Noodles 70g,1,14.00,14.00
12/09/2026,20:59:26,D00100,8909136784575,Tata Salt 1kg,1,28.00,28.00
12/09/2026,21:16:36,D00101,8909501511089,Amul Taaza Milk 500ml,1,27.00,27.00
13/09/2026,07:09:46,D00102,8904233433135,Lay's Classic Salted 52g,1,20.00,20.00
13/09/2026,07:09:46,D00102,8905331753835,Cadbury 5 Star 40g,1,20.00,20.00
13/09/2026,07:26:37,D00103,8909427653757,Parle-G Biscuits 70g,1,10.00,10.00
13/09/2026,07:36:02,D00104,8909600566041,Cadbury Gems 17g,1,10.00,10.00
13/09/2026,07:43:26,D00105,8902525262388,Lifebuoy Soap 125g,2,35.00,70.00
13/09/2026,07:43:26,D00105,8900248761133,Britannia Good Day Cashew 75g,1,10.00,10.00
13/09/2026,07:57:09,D00106,8905982374540,Clinic Plus Shampoo Sachet 6ml,1,3.00,3.00
13/09/2026,07:57:09,D00106,8904233433135,Lay's Classic Salted 52g,1,20.00,20.00
13/09/2026,08:07:43,D00107,8905982374540,Clinic Plus Shampoo Sachet 6ml,1,3.00,3.00
13/09/2026,08:15:36,D00108,8901943556130,Amul Gold Milk 500ml,1,33.00,33.00
13/09/2026,08:15:36,D00108,8901393160451,Coca-Cola Soft Drink 750ml,1,40.00,40.00
13/09/2026,08:15:36,D00108,8905982374540,Clinic Plus Shampoo Sachet 6ml,1,3.00,3.00
13/09/2026,08:33:36,D00109,8904233433135,Lay's Classic Salted 52g,1,20.00,20.00
13/09/2026,08:33:36,D00109,8909501511089,Amul Taaza Milk 500ml,1,27.00,27.00
13/09/2026,08:48:13,D00110,8900248761133,Britannia Good Day Cashew 75g,1,10.00,10.00
13/09/2026,08:48:13,D00110,8909501511089,Amul Taaza Milk 500ml,1,27.00,27.00
13/09/2026,09:01:29,D00111,8907637469151,Maaza Mango Drink 600ml,1,40.00,40.00
13/09/2026,09:01:29,D00111,8907194704290,Maggi Masala Noodles 70g,1,14.00,14.00
13/09/2026,09:01:29,D00111,8903632424966,Nestle KitKat 37g,1,20.00,20.00
13/09/2026,09:16:29,D00112,8908401707462,Kurkure Masala Munch 90g,1,20.00,20.00
13/09/2026,09:37:09,D00113,8902525262388,Lifebuoy Soap 125g,1,35.00,35.00
13/09/2026,09:47:31,D00114,8907194704290,Maggi Masala Noodles 70g,1,14.00,14.00
13/09/2026,10:07:44,D00115,8909501511089,Amul Taaza Milk 500ml,1,27.00,27.00
13/09/2026,10:21:43,D00116,8902234478650,Vim Dishwash Bar 300g,1,30.00,30.00
13/09/2026,10:37:56,D00117,8909136784575,Tata Salt 1kg,1,28.00,28.00
13/09/2026,10:37:56,D00117,8907436422074,Bisleri Water 1L,1,20.00,20.00
13/09/2026,10:53:58,D00118,8909501511089,Amul Taaza Milk 500ml,1,27.00,27.00
13/09/2026,11:00:08,D00119,8909427653757,Parle-G Biscuits 70g,1,10.00,10.00
13/09/2026,11:12:34,D00120,8906604803769,Cadbury Dairy Milk 50g,1,45.00,45.00
13/09/2026,11:23:48,D00121,8901943556130,Amul Gold Milk 500ml,1,33.00,33.00
13/09/2026,11:40:14,D00122,8909427653757,Parle-G Biscuits 70g,1,10.00,10.00
13/09/2026,11:40:14,D00122,8900248761133,Britannia Good Day Cashew 75g,1,10.00,10.00
13/09/2026,11:48:05,D00123,8905982374540,Clinic Plus Shampoo Sachet 6ml,1,3.00,3.00
13/09/2026,11:48:05,D00123,8909136784575,Tata Salt 1kg,1,28.00,28.00
13/09/2026,12:02:36,D00124,8907637469151,Maaza Mango Drink 600ml,1,40.00,40.00
13/09/2026,12:02:36,D00124,8907194704290,Maggi Masala Noodles 70g,1,14.00,14.00
13/09/2026,12:14:27,D00125,8905331753835,Cadbury 5 Star 40g,1,20.00,20.00
13/09/2026,12:36:40,D00126,8905982374540,Clinic Plus Shampoo Sachet 6ml,1,3.00,3.00
13/09/2026,12:44:46,D00127,8905331753835,Cadbury 5 Star 40g,1,20.00,20.00
13/09/2026,12:52:49,D00128,8909501511089,Amul Taaza Milk 500ml,1,27.00,27.00
13/09/2026,13:11:27,D00129,8906604803769,Cadbury Dairy Milk 50g,1,45.00,45.00
13/09/2026,13:11:27,D00129,8907194704290,Maggi Masala Noodles 70g,1,14.00,14.00
13/09/2026,13:17:52,D00130,8907637469151,Maaza Mango Drink 600ml,1,40.00,40.00
13/09/2026,13:17:52,D00130,8902525262388,Lifebuoy Soap 125g,1,35.00,35.00
13/09/2026,13:23:38,D00131,8907194704290,Maggi Masala Noodles 70g,1,14.00,14.00
13/09/2026,13:39:01,D00132,8909427653757,Parle-G Biscuits 70g,1,10.00,10.00
13/09/2026,13:39:01,D00132,8901393160451,Coca-Cola Soft Drink 750ml,2,40.00,80.00
13/09/2026,13:51:57,D00133,8907867306226,Rin Detergent Bar 250g,1,20.00,20.00
13/09/2026,14:16:56,D00134,8902234478650,Vim Dishwash Bar 300g,1,30.00,30.00
13/09/2026,14:16:56,D00134,8907560856516,Nestle Munch 20g,1,10.00,10.00
13/09/2026,14:27:13,D00135,8908401707462,Kurkure Masala Munch 90g,1,20.00,20.00
13/09/2026,14:27:13,D00135,8907867306226,Rin Detergent Bar 250g,2,20.00,40.00
13/09/2026,14:45:30,D00136,8909501511089,Amul Taaza Milk 500ml,1,27.00,27.00
13/09/2026,15:07:22,D00137,8901943556130,Amul Gold Milk 500ml,1,33.00,33.00
13/09/2026,15:22:03,D00138,8907436422074,Bisleri Water 1L,1,20.00,20.00
13/09/2026,15:22:03,D00138,8903632424966,Nestle KitKat 37g,1,20.00,20.00
13/09/2026,15:22:03,D00138,8907560856516,Nestle Munch 20g,1,10.00,10.00
13/09/2026,15:31:59,D00139,8905982374540,Clinic Plus Shampoo Sachet 6ml,1,3.00,3.00
13/09/2026,15:54:29,D00140,8900248761133,Britannia Good Day Cashew 75g,1,10.00,10.00
13/09/2026,15:54:29,D00140,8906604803769,Cadbury Dairy Milk 50g,1,45.00,45.00
13/09/2026,15:54:29,D00140,8908401707462,Kurkure Masala Munch 90g,1,20.00,20.00
13/09/2026,16:14:08,D00141,8903632424966,Nestle KitKat 37g,1,20.00,20.00
13/09/2026,16:14:08,D00141,8901943556130,Amul Gold Milk 500ml,1,33.00,33.00
13/09/2026,16:14:08,D00141,8907560856516,Nestle Munch 20g,1,10.00,10.00
13/09/2026,16:36:23,D00142,8901943556130,Amul Gold Milk 500ml,1,33.00,33.00
13/09/2026,16:59:15,D00143,8907436422074,Bisleri Water 1L,1,20.00,20.00
13/09/2026,16:59:15,D00143,8904233433135,Lay's Classic Salted 52g,1,20.00,20.00
13/09/2026,17:23:39,D00144,8909136784575,Tata Salt 1kg,1,28.00,28.00
13/09/2026,17:48:35,D00145,8901393160451,Coca-Cola Soft Drink 750ml,1,40.00,40.00
13/09/2026,17:48:35,D00145,8900248761133,Britannia Good Day Cashew 75g,1,10.00,10.00
13/09/2026,17:48:35,D00145,8907867306226,Rin Detergent Bar 250g,1,20.00,20.00
13/09/2026,18:01:25,D00146,8909600566041,Cadbury Gems 17g,1,10.00,10.00
13/09/2026,18:07:28,D00147,8907436422074,Bisleri Water 1L,1,20.00,20.00
13/09/2026,18:17:00,D00148,8909427653757,Parle-G Biscuits 70g,1,10.00,10.00
13/09/2026,18:17:00,D00148,8901943556130,Amul Gold Milk 500ml,1,33.00,33.00
14/09/2026,07:05:07,D00149,8901943556130,Amul Gold Milk 500ml,1,33.00,33.00
14/09/2026,07:05:07,D00149,8907436422074,Bisleri Water 1L,1,20.00,20.00
14/09/2026,07:25:30,D00150,8901393160451,Coca-Cola Soft Drink 750ml,1,40.00,40.00
14/09/2026,07:25:30,D00150,8903632424966,Nestle KitKat 37g,1,20.00,20.00
14/09/2026,07:40:48,D00151,8907560856516,Nestle Munch 20g,1,10.00,10.00
14/09/2026,07:40:48,D00151,8905982374540,Clinic Plus Shampoo Sachet 6ml,1,3.00,3.00
14/09/2026,07:40:48,D00151,8902234478650,Vim Dishwash Bar 300g,1,30.00,30.00
14/09/2026,07:50:36,D00152,8904233433135,Lay's Classic Salted 52g,1,20.00,20.00
14/09/2026,07:50:36,D00152,8909501511089,Amul Taaza Milk 500ml,1,27.00,27.00
14/09/2026,08:07:20,D00153,8901943556130,Amul Gold Milk 500ml,1,33.00,33.00
14/09/2026,08:07:20,D00153,8906604803769,Cadbury Dairy Milk 50g,1,45.00,45.00
14/09/2026,08:23:07,D00154,8907194704290,Maggi Masala Noodles 70g,1,14.00,14.00
14/09/2026,08:39:25,D00155,8908401707462,Kurkure Masala Munch 90g,1,20.00,20.00
14/09/2026,08:55:29,D00156,8907194704290,Maggi Masala Noodles 70g,1,14.00,14.00
14/09/2026,09:14:04,D00157,8908401707462,Kurkure Masala Munch 90g,1,20.00,20.00
14/09/2026,09:25:44,D00158,8907560856516,Nestle Munch 20g,1,10.00,10.00
14/09/2026,09:25:44,D00158,8900248761133,Britannia Good Day Cashew 75g,1,10.00,10.00
14/09/2026,09:25:44,D00158,8909427653757,Parle-G Biscuits 70g,1,10.00,10.00
14/09/2026,09:31:08,D00159,8908401707462,Kurkure Masala Munch 90g,1,20.00,20.00
14/09/2026,09:31:08,D00159,8909600566041,Cadbury Gems 17g,1,10.00,10.00
14/09/2026,09:31:08,D00159,8905982374540,Clinic Plus Shampoo Sachet 6ml,1,3.00,3.00
14/09/2026,09:46:01,D00160,8909501511089,Amul Taaza Milk 500ml,1,27.00,27.00
14/09/2026,10:03:43,D00161,8907436422074,Bisleri Water 1L,1,20.00,20.00
14/09/2026,10:22:07,D00162,8909501511089,Amul Taaza Milk 500ml,1,27.00,27.00
14/09/2026,10:22:07,D00162,8907436422074,Bisleri Water 1L,1,20.00,20.00
14/09/2026,10:29:43,D00163,8907194704290,Maggi Masala Noodles 70g,1,14.00,14.00
14/09/2026,10:49:19,D00164,8900248761133,Britannia Good Day Cashew 75g,1,10.00,10.00
14/09/2026,10:55:57,D00165,8909501511089,Amul Taaza Milk 500ml,1,27.00,27.00
14/09/2026,11:04:25,D00166,8902234478650,Vim Dishwash Bar 300g,1,30.00,30.00
14/09/2026,11:19:09,D00167,8907194704290,Maggi Masala Noodles 70g,1,14.00,14.00
14/09/2026,11:19:09,D00167,8907867306226,Rin Detergent Bar 250g,2,20.00,40.00
14/09/2026,11:29:13,D00168,8902525262388,Lifebuoy Soap 125g,1,35.00,35.00
14/09/2026,11:43:17,D00169,8907436422074,Bisleri Water 1L,1,20.00,20.00
14/09/2026,11:43:17,D00169,8907560856516,Nestle Munch 20g,1,10.00,10.00
14/09/2026,12:05:43,D00170,8907637469151,Maaza Mango Drink 600ml,1,40.00,40.00
14/09/2026,12:17:11,D00171,8908401707462,Kurkure Masala Munch 90g,1,20.00,20.00
14/09/2026,12:36:47,D00172,8901393160451,Coca-Cola Soft Drink 750ml,1,40.00,40.00
14/09/2026,12:55:26,D00173,8905982374540,Clinic Plus Shampoo Sachet 6ml,1,3.00,3.00
14/09/2026,12:55:26,D00173,8904233433135,Lay's Classic Salted 52g,1,20.00,20.00
14/09/2026,13:19:10,D00174,8907194704290,Maggi Masala Noodles 70g,1,14.00,14.00
14/09/2026,13:26:55,D00175,8907637469151,Maaza Mango Drink 600ml,1,40.00,40.00
14/09/2026,13:45:56,D00176,8909600566041,Cadbury Gems 17g,1,10.00,10.00
14/09/2026,13:45:56,D00176,8905331753835,Cadbury 5 Star 40g,1,20.00,20.00
14/09/2026,13:55:39,D00177,8909501511089,Amul Taaza Milk 500ml,1,27.00,27.00
14/09/2026,13:55:39,D00177,8902525262388,Lifebuoy Soap 125g,1,35.00,35.00
14/09/2026,13:55:39,D00177,8907194704290,Maggi Masala Noodles 70g,1,14.00,14.00
14/09/2026,14:10:25,D00178,8909501511089,Amul Taaza Milk 500ml,1,27.00,27.00
14/09/2026,14:10:25,D00178,8907637469151,Maaza Mango Drink 600ml,1,40.00,40.00
14/09/2026,14:17:05,D00179,8903632424966,Nestle KitKat 37g,1,20.00,20.00
14/09/2026,14:17:05,D00179,8904233433135,Lay's Classic Salted 52g,1,20.00,20.00
14/09/2026,14:26:25,D00180,8905331753835,Cadbury 5 Star 40g,1,20.00,20.00
14/09/2026,14:47:32,D00181,8901393160451,Coca-Cola Soft Drink 750ml,1,40.00,40.00
14/09/2026,14:47:32,D00181,8909136784575,Tata Salt 1kg,1,28.00,28.00
14/09/2026,15:04:15,D00182,8909427653757,Parle-G Biscuits 70g,1,10.00,10.00
14/09/2026,15:19:24,D00183,8901943556130,Amul Gold Milk 500ml,1,33.00,33.00
14/09/2026,15:33:16,D00184,8906604803769,Cadbury Dairy Milk 50g,1,45.00,45.00
14/09/2026,15:33:16,D00184,8909427653757,Parle-G Biscuits 70g,1,10.00,10.00
14/09/2026,15:46:24,D00185,8909501511089,Amul Taaza Milk 500ml,1,27.00,27.00
14/09/2026,16:07:53,D00186,8901943556130,Amul Gold Milk 500ml,2,33.00,66.00
14/09/2026,16:26:20,D00187,8909136784575,Tata Salt 1kg,1,28.00,28.00
14/09/2026,16:37:02,D00188,8904233433135,Lay's Classic Salted 52g,1,20.00,20.00
14/09/2026,16:37:02,D00188,8907436422074,Bisleri Water 1L,1,20.00,20.00
14/09/2026,16:37:02,D00188,8905982374540,Clinic Plus Shampoo Sachet 6ml,1,3.00,3.00
14/09/2026,16:47:33,D00189,8907194704290,Maggi Masala Noodles 70g,1,14.00,14.00
14/09/2026,16:59:38,D00190,8907867306226,Rin Detergent Bar 250g,1,20.00,20.00
14/09/2026,16:59:38,D00190,8902234478650,Vim Dishwash Bar 300g,1,30.00,30.00
14/09/2026,17:21:36,D00191,8902525262388,Lifebuoy Soap 125g,1,35.00,35.00
14/09/2026,17:21:36,D00191,8905982374540,Clinic Plus Shampoo Sachet 6ml,1,3.00,3.00
14/09/2026,17:34:06,D00192,8907867306226,Rin Detergent Bar 250g,1,20.00,20.00
14/09/2026,17:34:06,D00192,8904233433135,Lay's Classic Salted 52g,1,20.00,20.00
14/09/2026,17:50:27,D00193,8909427653757,Parle-G Biscuits 70g,1,10.00,10.00
14/09/2026,17:50:27,D00193,8905331753835,Cadbury 5 Star 40g,1,20.00,20.00
14/09/2026,18:10:02,D00194,8907560856516,Nestle Munch 20g,1,10.00,10.00
14/09/2026,18:33:43,D00195,8909427653757,Parle-G Biscuits 70g,1,10.00,10.00
15/09/2026,07:15:29,D00196,8907436422074,Bisleri Water 1L,1,20.00,20.00
15/09/2026,07:21:13,D00197,8905982374540,Clinic Plus Shampoo Sachet 6ml,1,3.00,3.00
15/09/2026,07:43:13,D00198,8904233433135,Lay's Classic Salted 52g,1,20.00,20.00
15/09/2026,07:43:13,D00198,8907436422074,Bisleri Water 1L,1,20.00,20.00
15/09/2026,07:43:13,D00198,8905331753835,Cadbury 5 Star 40g,1,20.00,20.00
15/09/2026,08:02:33,D00199,8905331753835,Cadbury 5 Star 40g,1,20.00,20.00
15/09/2026,08:16:19,D00200,8902234478650,Vim Dishwash Bar 300g,1,30.00,30.00
15/09/2026,08:35:48,D00201,8902234478650,Vim Dishwash Bar 300g,1,30.00,30.00
15/09/2026,08:48:32,D00202,8900248761133,Britannia Good Day Cashew 75g,1,10.00,10.00
15/09/2026,08:48:32,D00202,8909501511089,Amul Taaza Milk 500ml,1,27.00,27.00
15/09/2026,08:54:41,D00203,8907194704290,Maggi Masala Noodles 70g,1,14.00,14.00
15/09/2026,08:54:41,D00203,8909501511089,Amul Taaza Milk 500ml,1,27.00,27.00
15/09/2026,08:54:41,D00203,8901393160451,Coca-Cola Soft Drink 750ml,1,40.00,40.00
15/09/2026,09:11:13,D00204,8903632424966,Nestle KitKat 37g,2,20.00,40.00
15/09/2026,09:11:13,D00204,8908401707462,Kurkure Masala Munch 90g,1,20.00,20.00
15/09/2026,09:30:34,D00205,8909136784575,Tata Salt 1kg,1,28.00,28.00
15/09/2026,09:49:05,D00206,8909501511089,Amul Taaza Milk 500ml,1,27.00,27.00
15/09/2026,09:54:18,D00207,8909600566041,Cadbury Gems 17g,1,10.00,10.00
15/09/2026,10:16:31,D00208,8901943556130,Amul Gold Milk 500ml,1,33.00,33.00
15/09/2026,10:28:31,D00209,8901393160451,Coca-Cola Soft Drink 750ml,1,40.00,40.00
15/09/2026,10:28:31,D00209,8904233433135,Lay's Classic Salted 52g,1,20.00,20.00
15/09/2026,10:40:21,D00210,8902525262388,Lifebuoy Soap 125g,1,35.00,35.00
15/09/2026,10:51:58,D00211,8907436422074,Bisleri Water 1L,1,20.00,20.00
15/09/2026,11:12:50,D00212,8907436422074,Bisleri Water 1L,1,20.00,20.00
15/09/2026,11:26:52,D00213,8907194704290,Maggi Masala Noodles 70g,1,14.00,14.00
15/09/2026,11:35:35,D00214,8905331753835,Cadbury 5 Star 40g,1,20.00,20.00
15/09/2026,11:35:35,D00214,8909501511089,Amul Taaza Milk 500ml,1,27.00,27.00
15/09/2026,11:57:30,D00215,8907194704290,Maggi Masala Noodles 70g,1,14.00,14.00
15/09/2026,11:57:30,D00215,8905982374540,Clinic Plus Shampoo Sachet 6ml,1,3.00,3.00
15/09/2026,12:08:53,D00216,8907867306226,Rin Detergent Bar 250g,1,20.00,20.00
15/09/2026,12:30:26,D00217,8906604803769,Cadbury Dairy Milk 50g,1,45.00,45.00
15/09/2026,12:30:26,D00217,8907560856516,Nestle Munch 20g,1,10.00,10.00
15/09/2026,12:37:21,D00218,8909136784575,Tata Salt 1kg,1,28.00,28.00
15/09/2026,12:37:21,D00218,8900248761133,Britannia Good Day Cashew 75g,1,10.00,10.00
15/09/2026,12:47:20,D00219,8901393160451,Coca-Cola Soft Drink 750ml,1,40.00,40.00
15/09/2026,12:47:20,D00219,8909501511089,Amul Taaza Milk 500ml,1,27.00,27.00
15/09/2026,12:54:11,D00220,8908401707462,Kurkure Masala Munch 90g,1,20.00,20.00
15/09/2026,12:59:59,D00221,8909600566041,Cadbury Gems 17g,1,10.00,10.00
15/09/2026,12:59:59,D00221,8903632424966,Nestle KitKat 37g,1,20.00,20.00
15/09/2026,13:09:49,D00222,8905982374540,Clinic Plus Shampoo Sachet 6ml,1,3.00,3.00
15/09/2026,13:09:49,D00222,8907867306226,Rin Detergent Bar 250g,1,20.00,20.00
15/09/2026,13:16:35,D00223,8900248761133,Britannia Good Day Cashew 75g,1,10.00,10.00
15/09/2026,13:16:35,D00223,8909427653757,Parle-G Biscuits 70g,1,10.00,10.00
15/09/2026,13:16:35,D00223,8908401707462,Kurkure Masala Munch 90g,1,20.00,20.00
15/09/2026,13:23:38,D00224,8909600566041,Cadbury Gems 17g,1,10.00,10.00
15/09/2026,13:42:03,D00225,8902525262388,Lifebuoy Soap 125g,1,35.00,35.00
15/09/2026,13:42:03,D00225,8909427653757,Parle-G Biscuits 70g,1,10.00,10.00
15/09/2026,13:57:46,D00226,8907194704290,Maggi Masala Noodles 70g,1,14.00,14.00
15/09/2026,13:57:46,D00226,8901943556130,Amul Gold Milk 500ml,2,33.00,66.00
15/09/2026,14:06:37,D00227,8909501511089,Amul Taaza Milk 500ml,1,27.00,27.00
15/09/2026,14:17:16,D00228,8906604803769,Cadbury Dairy Milk 50g,1,45.00,45.00
15/09/2026,14:28:46,D00229,8907637469151,Maaza Mango Drink 600ml,1,40.00,40.00
15/09/2026,14:51:40,D00230,8907867306226,Rin Detergent Bar 250g,1,20.00,20.00
15/09/2026,14:51:40,D00230,8907436422074,Bisleri Water 1L,1,20.00,20.00
15/09/2026,14:51:40,D00230,8909427653757,Parle-G Biscuits 70g,1,10.00,10.00
15/09/2026,15:12:37,D00231,8907560856516,Nestle Munch 20g,1,10.00,10.00
15/09/2026,15:28:15,D00232,8907194704290,Maggi Masala Noodles 70g,1,14.00,14.00
15/09/2026,15:28:15,D00232,8904233433135,Lay's Classic Salted 52g,1,20.00,20.00
15/09/2026,15:28:15,D00232,8905982374540,Clinic Plus Shampoo Sachet 6ml,1,3.00,3.00
15/09/2026,15:46:10,D00233,8902525262388,Lifebuoy Soap 125g,1,35.00,35.00
15/09/2026,16:02:29,D00234,8909136784575,Tata Salt 1kg,1,28.00,28.00
15/09/2026,16:02:29,D00234,8907194704290,Maggi Masala Noodles 70g,1,14.00,14.00
15/09/2026,16:13:15,D00235,8902234478650,Vim Dishwash Bar 300g,1,30.00,30.00
15/09/2026,16:18:20,D00236,8909427653757,Parle-G Biscuits 70g,1,10.00,10.00
15/09/2026,16:32:53,D00237,8907560856516,Nestle Munch 20g,1,10.00,10.00
15/09/2026,16:49:52,D00238,8900248761133,Britannia Good Day Cashew 75g,1,10.00,10.00
15/09/2026,16:49:52,D00238,8907436422074,Bisleri Water 1L,1,20.00,20.00
15/09/2026,16:59:05,D00239,8907637469151,Maaza Mango Drink 600ml,1,40.00,40.00
15/09/2026,16:59:05,D00239,8905982374540,Clinic Plus Shampoo Sachet 6ml,1,3.00,3.00
15/09/2026,17:11:09,D00240,8909501511089,Amul Taaza Milk 500ml,1,27.00,27.00
15/09/2026,17:11:09,D00240,8907867306226,Rin Detergent Bar 250g,1,20.00,20.00
15/09/2026,17:28:19,D00241,8907637469151,Maaza Mango Drink 600ml,1,40.00,40.00
15/09/2026,17:48:04,D00242,8906604803769,Cadbury Dairy Milk 50g,1,45.00,45.00
15/09/2026,17:54:44,D00243,8902234478650,Vim Dishwash Bar 300g,1,30.00,30.00
15/09/2026,17:54:44,D00243,8901943556130,Amul Gold Milk 500ml,1,33.00,33.00
16/09/2026,07:17:43,D00244,8909501511089,Amul Taaza Milk 500ml,1,27.00,27.00
16/09/2026,07:31:36,D00245,8907436422074,Bisleri Water 1L,1,20.00,20.00
16/09/2026,07:51:35,D00246,8908401707462,Kurkure Masala Munch 90g,1,20.00,20.00
16/09/2026,08:02:55,D00247,8904233433135,Lay's Classic Salted 52g,1,20.00,20.00
16/09/2026,08:15:57,D00248,8908401707462,Kurkure Masala Munch 90g,1,20.00,20.00
16/09/2026,08:30:33,D00249,8909501511089,Amul Taaza Milk 500ml,1,27.00,27.00
16/09/2026,08:30:33,D00249,8905982374540,Clinic Plus Shampoo Sachet 6ml,1,3.00,3.00
16/09/2026,08:41:58,D00250,8909501511089,Amul Taaza Milk 500ml,1,27.00,27.00
16/09/2026,08:49:10,D00251,8907436422074,Bisleri Water 1L,1,20.00,20.00
16/09/2026,08:49:10,D00251,8905982374540,Clinic Plus Shampoo Sachet 6ml,1,3.00,3.00
16/09/2026,09:02:45,D00252,8903632424966,Nestle KitKat 37g,1,20.00,20.00
16/09/2026,09:25:04,D00253,8903632424966,Nestle KitKat 37g,1,20.00,20.00
16/09/2026,09:25:04,D00253,8907867306226,Rin Detergent Bar 250g,1,20.00,20.00
16/09/2026,09:37:57,D00254,8907867306226,Rin Detergent Bar 250g,1,20.00,20.00
16/09/2026,09:37:57,D00254,8907194704290,Maggi Masala Noodles 70g,1,14.00,14.00
16/09/2026,09:37:57,D00254,8902234478650,Vim Dishwash Bar 300g,1,30.00,30.00
16/09/2026,09:46:22,D00255,8901943556130,Amul Gold Milk 500ml,1,33.00,33.00
16/09/2026,09:46:22,D00255,8905331753835,Cadbury 5 Star 40g,1,20.00,20.00
16/09/2026,09:46:22,D00255,8907436422074,Bisleri Water 1L,1,20.00,20.00
16/09/2026,10:07:12,D00256,8906604803769,Cadbury Dairy Milk 50g,1,45.00,45.00
16/09/2026,10:15:41,D00257,8902234478650,Vim Dishwash Bar 300g,1,30.00,30.00
16/09/2026,10:36:53,D00258,8905982374540,Clinic Plus Shampoo Sachet 6ml,1,3.00,3.00
16/09/2026,10:57:11,D00259,8906604803769,Cadbury Dairy Milk 50g,1,45.00,45.00
16/09/2026,11:03:33,D00260,8905331753835,Cadbury 5 Star 40g,1,20.00,20.00
16/09/2026,11:16:29,D00261,8907560856516,Nestle Munch 20g,1,10.00,10.00
16/09/2026,11:23:12,D00262,8907194704290,Maggi Masala Noodles 70g,1,14.00,14.00
16/09/2026,11:48:06,D00263,8900248761133,Britannia Good Day Cashew 75g,1,10.00,10.00
16/09/2026,11:55:39,D00264,8905982374540,Clinic Plus Shampoo Sachet 6ml,1,3.00,3.00
16/09/2026,12:18:08,D00265,8909136784575,Tata Salt 1kg,1,28.00,28.00
16/09/2026,12:38:27,D00266,8907194704290,Maggi Masala Noodles 70g,2,14.00,28.00
16/09/2026,12:52:19,D00267,8907560856516,Nestle Munch 20g,1,10.00,10.00
16/09/2026,12:52:19,D00267,8909600566041,Cadbury Gems 17g,1,10.00,10.00
16/09/2026,12:52:19,D00267,8909427653757,Parle-G Biscuits 70g,1,10.00,10.00
16/09/2026,12:57:31,D00268,8909600566041,Cadbury Gems 17g,1,10.00,10.00
16/09/2026,13:14:27,D00269,8907637469151,Maaza Mango Drink 600ml,1,40.00,40.00
16/09/2026,13:20:43,D00270,8907436422074,Bisleri Water 1L,1,20.00,20.00
16/09/2026,13:37:19,D00271,8905982374540,Clinic Plus Shampoo Sachet 6ml,1,3.00,3.00
16/09/2026,13:43:49,D00272,8901943556130,Amul Gold Milk 500ml,1,33.00,33.00
16/09/2026,13:57:31,D00273,8905982374540,Clinic Plus Shampoo Sachet 6ml,1,3.00,3.00
16/09/2026,14:09:27,D00274,8907560856516,Nestle Munch 20g,1,10.00,10.00
16/09/2026,14:25:37,D00275,8901943556130,Amul Gold Milk 500ml,1,33.00,33.00
16/09/2026,14:25:37,D00275,8909501511089,Amul Taaza Milk 500ml,1,27.00,27.00
16/09/2026,14:43:18,D00276,8909501511089,Amul Taaza Milk 500ml,1,27.00,27.00
16/09/2026,14:58:57,D00277,8907436422074,Bisleri Water 1L,1,20.00,20.00
16/09/2026,15:10:53,D00278,8907194704290,Maggi Masala Noodles 70g,1,14.00,14.00
16/09/2026,15:32:48,D00279,8902234478650,Vim Dishwash Bar 300g,1,30.00,30.00
16/09/2026,15:32:48,D00279,8904233433135,Lay's Classic Salted 52g,1,20.00,20.00
16/09/2026,15:54:18,D00280,8907637469151,Maaza Mango Drink 600ml,1,40.00,40.00
16/09/2026,16:13:13,D00281,8909600566041,Cadbury Gems 17g,1,10.00,10.00
16/09/2026,16:31:42,D00282,8909600566041,Cadbury Gems 17g,1,10.00,10.00
16/09/2026,16:31:42,D00282,8908401707462,Kurkure Masala Munch 90g,1,20.00,20.00
16/09/2026,16:31:42,D00282,8902234478650,Vim Dishwash Bar 300g,1,30.00,30.00
16/09/2026,16:55:28,D00283,8902525262388,Lifebuoy Soap 125g,1,35.00,35.00
16/09/2026,17:18:41,D00284,8909427653757,Parle-G Biscuits 70g,1,10.00,10.00
16/09/2026,17:29:16,D00285,8909501511089,Amul Taaza Milk 500ml,1,27.00,27.00
16/09/2026,17:29:16,D00285,8904233433135,Lay's Classic Salted 52g,1,20.00,20.00
16/09/2026,17:43:31,D00286,8907436422074,Bisleri Water 1L,1,20.00,20.00
16/09/2026,17:43:31,D00286,8909136784575,Tata Salt 1kg,1,28.00,28.00
16/09/2026,17:58:11,D00287,8907194704290,Maggi Masala Noodles 70g,1,14.00,14.00
16/09/2026,17:58:11,D00287,8902525262388,Lifebuoy Soap 125g,1,35.00,35.00
16/09/2026,17:58:11,D00287,8909427653757,Parle-G Biscuits 70g,1,10.00,10.00
16/09/2026,18:13:40,D00288,8909427653757,Parle-G Biscuits 70g,1,10.00,10.00
16/09/2026,18:13:40,D00288,8902525262388,Lifebuoy Soap 125g,1,35.00,35.00
16/09/2026,18:20:25,D00289,8909501511089,Amul Taaza Milk 500ml,1,27.00,27.00
16/09/2026,18:44:45,D00290,8907560856516,Nestle Munch 20g,1,10.00,10.00
16/09/2026,19:03:53,D00291,8903632424966,Nestle KitKat 37g,1,20.00,20.00
16/09/2026,19:03:53,D00291,8900248761133,Britannia Good Day Cashew 75g,1,10.00,10.00
16/09/2026,19:09:30,D00292,8909501511089,Amul Taaza Milk 500ml,1,27.00,27.00
16/09/2026,19:21:13,D00293,8900248761133,Britannia Good Day Cashew 75g,1,10.00,10.00
16/09/2026,19:21:13,D00293,8907194704290,Maggi Masala Noodles 70g,1,14.00,14.00
16/09/2026,19:40:02,D00294,8900248761133,Britannia Good Day Cashew 75g,1,10.00,10.00
16/09/2026,19:45:14,D00295,8907637469151,Maaza Mango Drink 600ml,1,40.00,40.00
16/09/2026,19:45:14,D00295,8901943556130,Amul Gold Milk 500ml,1,33.00,33.00
16/09/2026,19:55:34,D00296,8901393160451,Coca-Cola Soft Drink 750ml,2,40.00,80.00
17/09/2026,07:18:39,D00297,8901943556130,Amul Gold Milk 500ml,1,33.00,33.00
17/09/2026,07:25:56,D00298,8900248761133,Britannia Good Day Cashew 75g,1,10.00,10.00
17/09/2026,07:43:10,D00299,8907194704290,Maggi Masala Noodles 70g,1,14.00,14.00
17/09/2026,07:43:10,D00299,8909501511089,Amul Taaza Milk 500ml,1,27.00,27.00
17/09/2026,08:00:38,D00300,8902525262388,Lifebuoy Soap 125g,1,35.00,35.00
17/09/2026,08:20:43,D00301,8900248761133,Britannia Good Day Cashew 75g,1,10.00,10.00
17/09/2026,08:20:43,D00301,8905982374540,Clinic Plus Shampoo Sachet 6ml,1,3.00,3.00
17/09/2026,08:43:07,D00302,8905331753835,Cadbury 5 Star 40g,1,20.00,20.00
17/09/2026,08:43:07,D00302,8907194704290,Maggi Masala Noodles 70g,1,14.00,14.00
17/09/2026,08:43:07,D00302,8902234478650,Vim Dishwash Bar 300g,1,30.00,30.00
17/09/2026,08:49:30,D00303,8907867306226,Rin Detergent Bar 250g,1,20.00,20.00
17/09/2026,08:58:56,D00304,8900248761133,Britannia Good Day Cashew 75g,1,10.00,10.00
17/09/2026,09:14:38,D00305,8907867306226,Rin Detergent Bar 250g,1,20.00,20.00
17/09/2026,09:14:38,D00305,8901393160451,Coca-Cola Soft Drink 750ml,1,40.00,40.00
17/09/2026,09:14:38,D00305,8902525262388,Lifebuoy Soap 125g,1,35.00,35.00
17/09/2026,09:37:05,D00306,8905982374540,Clinic Plus Shampoo Sachet 6ml,1,3.00,3.00
17/09/2026,09:43:56,D00307,8906604803769,Cadbury Dairy Milk 50g,1,45.00,45.00
17/09/2026,09:43:56,D00307,8905331753835,Cadbury 5 Star 40g,1,20.00,20.00
17/09/2026,10:01:49,D00308,8907194704290,Maggi Masala Noodles 70g,1,14.00,14.00
17/09/2026,10:01:49,D00308,8903632424966,Nestle KitKat 37g,1,20.00,20.00
17/09/2026,10:01:49,D00308,8907637469151,Maaza Mango Drink 600ml,1,40.00,40.00
17/09/2026,10:11:27,D00309,8903632424966,Nestle KitKat 37g,1,20.00,20.00
17/09/2026,10:18:42,D00310,8907194704290,Maggi Masala Noodles 70g,1,14.00,14.00
17/09/2026,10:18:42,D00310,8907436422074,Bisleri Water 1L,1,20.00,20.00
17/09/2026,10:27:26,D00311,8909600566041,Cadbury Gems 17g,1,10.00,10.00
17/09/2026,10:36:55,D00312,8908401707462,Kurkure Masala Munch 90g,1,20.00,20.00
17/09/2026,10:36:55,D00312,8907194704290,Maggi Masala Noodles 70g,1,14.00,14.00
17/09/2026,10:51:44,D00313,8909501511089,Amul Taaza Milk 500ml,1,27.00,27.00
17/09/2026,11:04:16,D00314,8905331753835,Cadbury 5 Star 40g,1,20.00,20.00
17/09/2026,11:21:14,D00315,8904233433135,Lay's Classic Salted 52g,1,20.00,20.00
17/09/2026,11:21:14,D00315,8902234478650,Vim Dishwash Bar 300g,1,30.00,30.00
17/09/2026,11:34:50,D00316,8901943556130,Amul Gold Milk 500ml,1,33.00,33.00
17/09/2026,11:50:53,D00317,8901943556130,Amul Gold Milk 500ml,1,33.00,33.00
17/09/2026,11:50:53,D00317,8905982374540,Clinic Plus Shampoo Sachet 6ml,1,3.00,3.00
17/09/2026,12:05:16,D00318,8905982374540,Clinic Plus Shampoo Sachet 6ml,1,3.00,3.00
17/09/2026,12:05:16,D00318,8907194704290,Maggi Masala Noodles 70g,1,14.00,14.00
17/09/2026,12:15:10,D00319,8909600566041,Cadbury Gems 17g,1,10.00,10.00
17/09/2026,12:37:18,D00320,8903632424966,Nestle KitKat 37g,1,20.00,20.00
17/09/2026,12:37:18,D00320,8908401707462,Kurkure Masala Munch 90g,1,20.00,20.00
17/09/2026,12:49:24,D00321,8909427653757,Parle-G Biscuits 70g,1,10.00,10.00
17/09/2026,12:49:24,D00321,8907637469151,Maaza Mango Drink 600ml,1,40.00,40.00
17/09/2026,13:03:22,D00322,8908401707462,Kurkure Masala Munch 90g,1,20.00,20.00
17/09/2026,13:03:22,D00322,8909427653757,Parle-G Biscuits 70g,1,10.00,10.00
17/09/2026,13:25:38,D00323,8901393160451,Coca-Cola Soft Drink 750ml,1,40.00,40.00
17/09/2026,13:41:31,D00324,8909427653757,Parle-G Biscuits 70g,1,10.00,10.00
17/09/2026,13:47:46,D00325,8904233433135,Lay's Classic Salted 52g,1,20.00,20.00
17/09/2026,13:58:58,D00326,8901393160451,Coca-Cola Soft Drink 750ml,1,40.00,40.00
17/09/2026,13:58:58,D00326,8900248761133,Britannia Good Day Cashew 75g,1,10.00,10.00
17/09/2026,14:09:28,D00327,8901943556130,Amul Gold Milk 500ml,1,33.00,33.00
17/09/2026,14:09:28,D00327,8909136784575,Tata Salt 1kg,1,28.00,28.00
17/09/2026,14:09:28,D00327,8907560856516,Nestle Munch 20g,1,10.00,10.00
17/09/2026,14:23:57,D00328,8909427653757,Parle-G Biscuits 70g,1,10.00,10.00
17/09/2026,14:23:57,D00328,8904233433135,Lay's Classic Salted 52g,1,20.00,20.00
17/09/2026,14:23:57,D00328,8901393160451,Coca-Cola Soft Drink 750ml,1,40.00,40.00
17/09/2026,14:40:08,D00329,8905331753835,Cadbury 5 Star 40g,1,20.00,20.00
17/09/2026,14:40:08,D00329,8907867306226,Rin Detergent Bar 250g,1,20.00,20.00
17/09/2026,14:50:53,D00330,8907436422074,Bisleri Water 1L,1,20.00,20.00
17/09/2026,14:59:48,D00331,8905982374540,Clinic Plus Shampoo Sachet 6ml,1,3.00,3.00
17/09/2026,14:59:48,D00331,8907436422074,Bisleri Water 1L,1,20.00,20.00
17/09/2026,15:06:27,D00332,8907560856516,Nestle Munch 20g,1,10.00,10.00
17/09/2026,15:06:27,D00332,8909501511089,Amul Taaza Milk 500ml,1,27.00,27.00
17/09/2026,15:06:27,D00332,8907637469151,Maaza Mango Drink 600ml,1,40.00,40.00
17/09/2026,15:23:43,D00333,8909427653757,Parle-G Biscuits 70g,1,10.00,10.00
17/09/2026,15:23:43,D00333,8901943556130,Amul Gold Milk 500ml,1,33.00,33.00
17/09/2026,15:47:40,D00334,8907867306226,Rin Detergent Bar 250g,1,20.00,20.00
17/09/2026,15:47:40,D00334,8909501511089,Amul Taaza Milk 500ml,1,27.00,27.00
17/09/2026,16:12:27,D00335,8909501511089,Amul Taaza Milk 500ml,2,27.00,54.00
17/09/2026,16:12:27,D00335,8909136784575,Tata Salt 1kg,1,28.00,28.00
17/09/2026,16:21:01,D00336,8907560856516,Nestle Munch 20g,1,10.00,10.00
17/09/2026,16:44:18,D00337,8906604803769,Cadbury Dairy Milk 50g,1,45.00,45.00
17/09/2026,16:44:18,D00337,8901943556130,Amul Gold Milk 500ml,1,33.00,33.00
